   , dataset      , board     , num_cpus, chunksize, implementation, runtime
  0, rgg_n_2_22_s0, pioneer   ,       32,        16, atomic        ,  0.45278254440437726
  1, GAP-road     , pioneer   ,       32,        16, atomic        ,  0.32810102155627313
  2, europe_osm   , pioneer   ,       32,        16, atomic        ,  0.9392136257377951
  3, europe_osm   , pioneer   ,       32,       256, atomic        ,  1.0544204586068597
  4, rgg_n_2_22_s0, pioneer   ,       32,       256, atomic        ,  0.44418001775092275
  5, GAP-road     , pioneer   ,       32,       256, atomic        ,  0.5187181340733863
  6, rgg_n_2_22_s0, pioneer   ,       32,      1024, atomic        ,  0.9395653705761121
  7, GAP-road     , pioneer   ,       32,      1024, atomic        ,  1.6977214577435387
  8, europe_osm   , pioneer   ,       32,      1024, atomic        ,  2.549945080327942
  9, GAP-road     , pioneer   ,       32,        32, atomic        ,  0.3095859113702629
 10, rgg_n_2_22_s0, pioneer   ,       32,        32, atomic        ,  0.3372429156350645
 11, europe_osm   , pioneer   ,       32,        32, atomic        ,  0.9200165266539723
 12, rgg_n_2_22_s0, pioneer   ,       32,      4096, atomic        ,  2.144813803661977
 13, GAP-road     , pioneer   ,       32,      4096, atomic        ,  4.082609793558345
 14, europe_osm   , pioneer   ,       32,      4096, atomic        ,  7.2091043262022465
 15, rgg_n_2_22_s0, pioneer   ,       32,        64, atomic        ,  0.3320894204266242
 16, GAP-road     , pioneer   ,       32,        64, atomic        ,  0.32304729418385847
 17, europe_osm   , pioneer   ,       32,        64, atomic        ,  0.7462193651962525
 18, europe_osm   , pioneer   ,        1,        16, atomic        , 11.767039353194797
 19, GAP-road     , pioneer   ,        1,        16, atomic        ,  4.923953763687729
 20, rgg_n_2_22_s0, pioneer   ,        1,        16, atomic        ,  2.3641752711536106
 21, rgg_n_2_22_s0, pioneer   ,        1,       256, atomic        ,  2.199681528936083
 22, europe_osm   , pioneer   ,        1,       256, atomic        , 10.336532173768676
 23, GAP-road     , pioneer   ,        1,       256, atomic        ,  4.4157939379982265
 24, europe_osm   , pioneer   ,        1,      1024, atomic        , 10.330091293355983
 25, rgg_n_2_22_s0, pioneer   ,        1,      1024, atomic        ,  2.254752370546341
 26, GAP-road     , pioneer   ,        1,      1024, atomic        ,  4.354963969675916
 27, GAP-road     , pioneer   ,        1,        32, atomic        ,  4.503693519894992
 28, europe_osm   , pioneer   ,        1,        32, atomic        , 10.838212846974068
 29, rgg_n_2_22_s0, pioneer   ,        1,        32, atomic        ,  2.2922202503103457
 30, europe_osm   , pioneer   ,        1,      4096, atomic        , 10.29880635368919
 31, GAP-road     , pioneer   ,        1,      4096, atomic        ,  4.176235468764773
 32, rgg_n_2_22_s0, pioneer   ,        1,      4096, atomic        ,  2.2231660311352464
 33, GAP-road     , pioneer   ,        1,        64, atomic        ,  4.505330136095655
 34, europe_osm   , pioneer   ,        1,        64, atomic        , 10.434952381770865
 35, rgg_n_2_22_s0, pioneer   ,        1,        64, atomic        ,  2.2846657777756816
 36, rgg_n_2_22_s0, bananaf3  ,        4,        16, atomic        ,  1.3593605155297979
 37, GAP-road     , bananaf3  ,        4,        16, atomic        ,  3.0022606894999098
 38, europe_osm   , bananaf3  ,        4,        16, atomic        ,  5.331594126603437
 39, rgg_n_2_22_s0, bananaf3  ,        4,       256, atomic        ,  1.4895472200020625
 40, europe_osm   , bananaf3  ,        4,       256, atomic        ,  5.876167928689859
 41, GAP-road     , bananaf3  ,        4,       256, atomic        ,  2.9095251572664456
 42, europe_osm   , bananaf3  ,        4,      1024, atomic        ,  7.509915365338099
 43, GAP-road     , bananaf3  ,        4,      1024, atomic        ,  3.8624600897697126
 44, rgg_n_2_22_s0, bananaf3  ,        4,      1024, atomic        ,  2.1079129249087276
 45, rgg_n_2_22_s0, bananaf3  ,        4,        32, atomic        ,  1.3516032955904018
 46, GAP-road     , bananaf3  ,        4,        32, atomic        ,  2.6902364865695785
 47, europe_osm   , bananaf3  ,        4,        32, atomic        ,  5.449097936674528
 48, GAP-road     , bananaf3  ,        4,      4096, atomic        ,  7.715041816921677
 49, europe_osm   , bananaf3  ,        4,      4096, atomic        , 12.292029357720176
 50, rgg_n_2_22_s0, bananaf3  ,        4,      4096, atomic        ,  3.9502703950820397
 51, GAP-road     , bananaf3  ,        4,        64, atomic        ,  2.796898953823967
 52, europe_osm   , bananaf3  ,        4,        64, atomic        ,  5.270375384580214
 53, rgg_n_2_22_s0, bananaf3  ,        4,        64, atomic        ,  1.3608227382809213
 54, GAP-road     , arriesgado,        1,        16, atomic        ,  9.640077684012299
 55, rgg_n_2_22_s0, arriesgado,        1,        16, atomic        ,  5.0367092446119255
 56, rgg_n_2_22_s0, arriesgado,        1,       256, atomic        ,  4.972359602654083
 57, GAP-road     , arriesgado,        1,       256, atomic        ,  9.437472161388342
 58, rgg_n_2_22_s0, arriesgado,        1,      1024, atomic        ,  5.081509323545269
 59, GAP-road     , arriesgado,        1,      1024, atomic        ,  9.642733650117771
 60, GAP-road     , arriesgado,        1,        32, atomic        ,  9.514270725286902
 61, rgg_n_2_22_s0, arriesgado,        1,        32, atomic        ,  5.0241161154997345
 62, GAP-road     , arriesgado,        1,      4096, atomic        ,  9.65716990600817
 63, rgg_n_2_22_s0, arriesgado,        1,      4096, atomic        ,  5.0404403323085365
 64, rgg_n_2_22_s0, arriesgado,        1,        64, atomic        ,  5.001046676153366
 65, GAP-road     , arriesgado,        1,        64, atomic        ,  9.472144430961448
 66, europe_osm   , bananaf3  ,        8,        16, atomic        ,  2.5950985053222326
 67, GAP-road     , bananaf3  ,        8,        16, atomic        ,  1.4273128938169426
 68, rgg_n_2_22_s0, bananaf3  ,        8,        16, atomic        ,  0.7748062622258901
 69, GAP-road     , bananaf3  ,        8,       256, atomic        ,  1.6049128481811643
 70, rgg_n_2_22_s0, bananaf3  ,        8,       256, atomic        ,  0.9999246739897959
 71, europe_osm   , bananaf3  ,        8,       256, atomic        ,  3.177105899219547
 72, GAP-road     , bananaf3  ,        8,      1024, atomic        ,  2.9915882716742255
 73, europe_osm   , bananaf3  ,        8,      1024, atomic        ,  5.131265426261683
 74, rgg_n_2_22_s0, bananaf3  ,        8,      1024, atomic        ,  1.6896790153278765
 75, GAP-road     , bananaf3  ,        8,        32, atomic        ,  1.3702326449912463
 76, rgg_n_2_22_s0, bananaf3  ,        8,        32, atomic        ,  0.7749419093602737
 77, europe_osm   , bananaf3  ,        8,        32, atomic        ,  2.521634020157677
 78, GAP-road     , bananaf3  ,        8,      4096, atomic        ,  8.233783930145355
 79, rgg_n_2_22_s0, bananaf3  ,        8,      4096, atomic        ,  4.216693750180945
 80, europe_osm   , bananaf3  ,        8,      4096, atomic        , 11.713497553353116
 81, rgg_n_2_22_s0, bananaf3  ,        8,        64, atomic        ,  0.780869464494844
 82, europe_osm   , bananaf3  ,        8,        64, atomic        ,  2.7337690408458286
 83, GAP-road     , bananaf3  ,        8,        64, atomic        ,  1.3915282745083728
 84, europe_osm   , arriesgado,        4,        16, atomic        ,  5.209259497942873
 85, GAP-road     , arriesgado,        4,        16, atomic        ,  2.5522641105274566
 86, rgg_n_2_22_s0, arriesgado,        4,        16, atomic        ,  1.340246036884033
 87, europe_osm   , arriesgado,        4,       256, atomic        ,  5.508484391192873
 88, rgg_n_2_22_s0, arriesgado,        4,       256, atomic        ,  1.4497167075290747
 89, GAP-road     , arriesgado,        4,       256, atomic        ,  2.7153901991166363
 90, rgg_n_2_22_s0, arriesgado,        4,      1024, atomic        ,  1.9456564320176626
 91, GAP-road     , arriesgado,        4,      1024, atomic        ,  3.5425580543947746
 92, europe_osm   , arriesgado,        4,      1024, atomic        ,  7.02695369039915
 93, rgg_n_2_22_s0, arriesgado,        4,        32, atomic        ,  1.326155192314573
 94, GAP-road     , arriesgado,        4,        32, atomic        ,  2.5099018017732084
 95, europe_osm   , arriesgado,        4,        32, atomic        ,  5.120635095050199
 96, GAP-road     , arriesgado,        4,      4096, atomic        ,  6.095847271957286
 97, europe_osm   , arriesgado,        4,      4096, atomic        , 10.639562384319095
 98, rgg_n_2_22_s0, arriesgado,        4,      4096, atomic        ,  3.7222088585837385
 99, europe_osm   , arriesgado,        4,        64, atomic        ,  5.120943905287763
100, rgg_n_2_22_s0, arriesgado,        4,        64, atomic        ,  1.3378144163319698
101, GAP-road     , arriesgado,        4,        64, atomic        ,  2.509259952742788
102, GAP-road     , pioneer   ,        2,        16, atomic        ,  2.6129888268310992
103, rgg_n_2_22_s0, pioneer   ,        2,        16, atomic        ,  1.4057489248907535
104, europe_osm   , pioneer   ,        2,        16, atomic        ,  5.9742337814074
105, europe_osm   , pioneer   ,        2,       256, atomic        ,  5.462907530032435
106, GAP-road     , pioneer   ,        2,       256, atomic        ,  2.4365755443871744
107, rgg_n_2_22_s0, pioneer   ,        2,       256, atomic        ,  1.3854053431805144
108, rgg_n_2_22_s0, pioneer   ,        2,      1024, atomic        ,  1.4635696974881263
109, europe_osm   , pioneer   ,        2,      1024, atomic        ,  6.173579687375995
110, GAP-road     , pioneer   ,        2,      1024, atomic        ,  2.7075439040528537
111, europe_osm   , pioneer   ,        2,        32, atomic        ,  5.6797223519041715
112, GAP-road     , pioneer   ,        2,        32, atomic        ,  2.5126292080012758
113, rgg_n_2_22_s0, pioneer   ,        2,        32, atomic        ,  1.3775248783618261
114, GAP-road     , pioneer   ,        2,      4096, atomic        ,  3.7305824520085356
115, europe_osm   , pioneer   ,        2,      4096, atomic        ,  7.662450524521107
116, rgg_n_2_22_s0, pioneer   ,        2,      4096, atomic        ,  2.0616911982279023
117, GAP-road     , pioneer   ,        2,        64, atomic        ,  2.4329673131964435
118, rgg_n_2_22_s0, pioneer   ,        2,        64, atomic        ,  1.3617985562824961
119, europe_osm   , pioneer   ,        2,        64, atomic        ,  5.5298362063214075
120, GAP-road     , pioneer   ,       64,        16, atomic        ,  0.35629284652775556
121, europe_osm   , pioneer   ,       64,        16, atomic        ,  0.8353134415554961
122, rgg_n_2_22_s0, pioneer   ,       64,        16, atomic        ,  0.49114199374596346
123, GAP-road     , pioneer   ,       64,       256, atomic        ,  0.7867344787108719
124, europe_osm   , pioneer   ,       64,       256, atomic        ,  1.311182607923683
125, rgg_n_2_22_s0, pioneer   ,       64,       256, atomic        ,  0.4090475352675372
126, GAP-road     , pioneer   ,       64,      1024, atomic        ,  2.314739032258456
127, rgg_n_2_22_s0, pioneer   ,       64,      1024, atomic        ,  1.2359682549313908
128, europe_osm   , pioneer   ,       64,      1024, atomic        ,  3.7773892126879374
129, GAP-road     , pioneer   ,       64,        32, atomic        ,  0.5257121007185268
130, europe_osm   , pioneer   ,       64,        32, atomic        ,  0.8010000812626914
131, rgg_n_2_22_s0, pioneer   ,       64,        32, atomic        ,  0.36899390347747013
132, GAP-road     , pioneer   ,       64,      4096, atomic        ,  5.541934163564195
133, europe_osm   , pioneer   ,       64,      4096, atomic        ,  8.575156065108084
134, rgg_n_2_22_s0, pioneer   ,       64,      4096, atomic        ,  2.5413628873140617
135, rgg_n_2_22_s0, pioneer   ,       64,        64, atomic        ,  0.28152542516453344
136, GAP-road     , pioneer   ,       64,        64, atomic        ,  0.5188856617229488
137, europe_osm   , pioneer   ,       64,        64, atomic        ,  0.9224066801570702
138, GAP-road     , arriesgado,        2,        16, atomic        ,  5.001386655188412
139, europe_osm   , arriesgado,        2,        16, atomic        , 10.238920862033957
140, rgg_n_2_22_s0, arriesgado,        2,        16, atomic        ,  2.5805137772671443
141, rgg_n_2_22_s0, arriesgado,        2,       256, atomic        ,  2.6200526467786434
142, GAP-road     , arriesgado,        2,       256, atomic        ,  4.966598802469182
143, europe_osm   , arriesgado,        2,       256, atomic        , 10.070858450897811
144, rgg_n_2_22_s0, arriesgado,        2,      1024, atomic        ,  2.9668973452979484
145, GAP-road     , arriesgado,        2,      1024, atomic        ,  5.48974291742823
146, europe_osm   , arriesgado,        2,      1024, atomic        , 11.054164834230475
147, rgg_n_2_22_s0, arriesgado,        2,        32, atomic        ,  2.563811016849566
148, GAP-road     , arriesgado,        2,        32, atomic        ,  4.903638870621833
149, europe_osm   , arriesgado,        2,        32, atomic        , 10.028168530835876
150, GAP-road     , arriesgado,        2,      4096, atomic        ,  7.694080573591556
151, rgg_n_2_22_s0, arriesgado,        2,      4096, atomic        ,  4.323131710086145
152, rgg_n_2_22_s0, arriesgado,        2,        64, atomic        ,  2.5756705811921226
153, europe_osm   , arriesgado,        2,        64, atomic        ,  9.938506865933705
154, GAP-road     , arriesgado,        2,        64, atomic        ,  4.863949648540213
155, rgg_n_2_22_s0, pioneer   ,        4,        16, atomic        ,  1.0200842372037333
156, europe_osm   , pioneer   ,        4,        16, atomic        ,  3.5663103977550086
157, GAP-road     , pioneer   ,        4,        16, atomic        ,  1.558735754781075
158, rgg_n_2_22_s0, pioneer   ,        4,       256, atomic        ,  0.9808550985037368
159, GAP-road     , pioneer   ,        4,       256, atomic        ,  1.510218363915199
160, europe_osm   , pioneer   ,        4,       256, atomic        ,  3.3355210863916396
161, GAP-road     , pioneer   ,        4,      1024, atomic        ,  1.8516214287923412
162, europe_osm   , pioneer   ,        4,      1024, atomic        ,  4.060814014603874
163, rgg_n_2_22_s0, pioneer   ,        4,      1024, atomic        ,  1.1553329230400866
164, rgg_n_2_22_s0, pioneer   ,        4,        32, atomic        ,  0.9696147350446396
165, GAP-road     , pioneer   ,        4,        32, atomic        ,  1.4705966607329746
166, europe_osm   , pioneer   ,        4,        32, atomic        ,  3.211017698767905
167, GAP-road     , pioneer   ,        4,      4096, atomic        ,  3.5565764958539248
168, europe_osm   , pioneer   ,        4,      4096, atomic        ,  6.94557678260492
169, rgg_n_2_22_s0, pioneer   ,        4,      4096, atomic        ,  1.9962392905281785
170, rgg_n_2_22_s0, pioneer   ,        4,        64, atomic        ,  0.948003466364363
171, GAP-road     , pioneer   ,        4,        64, atomic        ,  1.4293896593709092
172, europe_osm   , pioneer   ,        4,        64, atomic        ,  3.159109317071602
173, rgg_n_2_22_s0, pioneer   ,        8,        16, atomic        ,  0.5764535652581025
174, GAP-road     , pioneer   ,        8,        16, atomic        ,  0.7899564371510611
175, europe_osm   , pioneer   ,        8,        16, atomic        ,  1.7650857096656838
176, GAP-road     , pioneer   ,        8,       256, atomic        ,  0.8294480267664524
177, europe_osm   , pioneer   ,        8,       256, atomic        ,  1.815318165417361
178, rgg_n_2_22_s0, pioneer   ,        8,       256, atomic        ,  0.6023394948725571
179, europe_osm   , pioneer   ,        8,      1024, atomic        ,  2.9545387396874596
180, GAP-road     , pioneer   ,        8,      1024, atomic        ,  1.4628308313398166
181, rgg_n_2_22_s0, pioneer   ,        8,      1024, atomic        ,  0.9786187408322793
182, rgg_n_2_22_s0, pioneer   ,        8,        32, atomic        ,  0.5705100119582193
183, europe_osm   , pioneer   ,        8,        32, atomic        ,  1.687512435649886
184, GAP-road     , pioneer   ,        8,        32, atomic        ,  0.7511563570053722
185, europe_osm   , pioneer   ,        8,      4096, atomic        ,  6.4664591069825725
186, rgg_n_2_22_s0, pioneer   ,        8,      4096, atomic        ,  1.8867854039144234
187, GAP-road     , pioneer   ,        8,      4096, atomic        ,  3.5907222428040053
188, europe_osm   , pioneer   ,        8,        64, atomic        ,  1.4621628398844821
189, rgg_n_2_22_s0, pioneer   ,        8,        64, atomic        ,  0.5588521681058316
190, GAP-road     , pioneer   ,        8,        64, atomic        ,  0.7313680757420905
191, GAP-road     , pioneer   ,       16,        16, atomic        ,  0.48807219229485793
192, rgg_n_2_22_s0, pioneer   ,       16,        16, atomic        ,  0.3483017749426181
193, europe_osm   , pioneer   ,       16,        16, atomic        ,  1.1363081652341562
194, GAP-road     , pioneer   ,       16,       256, atomic        ,  0.5530039897803593
195, europe_osm   , pioneer   ,       16,       256, atomic        ,  1.2064610312646198
196, rgg_n_2_22_s0, pioneer   ,       16,       256, atomic        ,  0.43561464357531937
197, rgg_n_2_22_s0, pioneer   ,       16,      1024, atomic        ,  0.9154100717940492
198, GAP-road     , pioneer   ,       16,      1024, atomic        ,  1.394012004102579
199, europe_osm   , pioneer   ,       16,      1024, atomic        ,  2.95098548669796
200, europe_osm   , pioneer   ,       16,        32, atomic        ,  0.9206376797316516
201, rgg_n_2_22_s0, pioneer   ,       16,        32, atomic        ,  0.35607128098552365
202, GAP-road     , pioneer   ,       16,        32, atomic        ,  0.45973014974777426
203, rgg_n_2_22_s0, pioneer   ,       16,      4096, atomic        ,  2.0246228543012585
204, europe_osm   , pioneer   ,       16,      4096, atomic        ,  7.01143193598138
205, GAP-road     , pioneer   ,       16,      4096, atomic        ,  3.558130340053768
206, rgg_n_2_22_s0, pioneer   ,       16,        64, atomic        ,  0.33817258625218943
207, europe_osm   , pioneer   ,       16,        64, atomic        ,  0.9261244417528087
208, GAP-road     , pioneer   ,       16,        64, atomic        ,  0.4814296846743761
209, rgg_n_2_22_s0, bananaf3  ,        1,        16, atomic        ,  4.809145594384934
210, europe_osm   , bananaf3  ,        1,        16, atomic        , 19.988216457425608
211, GAP-road     , bananaf3  ,        1,        16, atomic        ,  9.628197790765086
212, GAP-road     , bananaf3  ,        1,       256, atomic        ,  9.679717780888314
213, rgg_n_2_22_s0, bananaf3  ,        1,       256, atomic        ,  4.659833181658986
214, europe_osm   , bananaf3  ,        1,       256, atomic        , 21.528303872171552
215, rgg_n_2_22_s0, bananaf3  ,        1,      1024, atomic        ,  4.692321328715644
216, europe_osm   , bananaf3  ,        1,      1024, atomic        , 18.99509615892136
217, GAP-road     , bananaf3  ,        1,      1024, atomic        ,  9.187356019063442
218, rgg_n_2_22_s0, bananaf3  ,        1,        32, atomic        ,  4.732958383755093
219, europe_osm   , bananaf3  ,        1,        32, atomic        , 19.48776741185292
220, GAP-road     , bananaf3  ,        1,        32, atomic        , 10.17913864770775
221, GAP-road     , bananaf3  ,        1,      4096, atomic        ,  9.218163209201748
222, europe_osm   , bananaf3  ,        1,      4096, atomic        , 19.01862641191679
223, rgg_n_2_22_s0, bananaf3  ,        1,      4096, atomic        ,  4.892826876992485
224, rgg_n_2_22_s0, bananaf3  ,        1,        64, atomic        ,  4.708041062401875
225, europe_osm   , bananaf3  ,        1,        64, atomic        , 19.34920731347506
226, GAP-road     , bananaf3  ,        1,        64, atomic        ,  9.741316904059952
227, europe_osm   , bananaf3  ,        2,        16, atomic        , 11.04300867169572
228, GAP-road     , bananaf3  ,        2,        16, atomic        ,  5.477352127918023
229, rgg_n_2_22_s0, bananaf3  ,        2,        16, atomic        ,  2.4940319270356173
230, europe_osm   , bananaf3  ,        2,       256, atomic        , 10.421850686447153
231, rgg_n_2_22_s0, bananaf3  ,        2,       256, atomic        ,  2.5165338083974036
232, GAP-road     , bananaf3  ,        2,       256, atomic        ,  5.305361003745316
233, GAP-road     , bananaf3  ,        2,      1024, atomic        ,  5.622842923650027
234, europe_osm   , bananaf3  ,        2,      1024, atomic        , 11.443362598456757
235, rgg_n_2_22_s0, bananaf3  ,        2,      1024, atomic        ,  2.8495010465812722
236, GAP-road     , bananaf3  ,        2,        32, atomic        ,  4.884925808927772
237, rgg_n_2_22_s0, bananaf3  ,        2,        32, atomic        ,  2.4607334155935425
238, europe_osm   , bananaf3  ,        2,        32, atomic        , 10.146031477299731
239, GAP-road     , bananaf3  ,        2,      4096, atomic        ,  8.214650688846193
240, rgg_n_2_22_s0, bananaf3  ,        2,      4096, atomic        ,  4.742368576411765
241, europe_osm   , bananaf3  ,        2,      4096, atomic        , 13.671633332378152
242, europe_osm   , bananaf3  ,        2,        64, atomic        , 10.054299533059908
243, rgg_n_2_22_s0, bananaf3  ,        2,        64, atomic        ,  2.4458966310140084
244, GAP-road     , bananaf3  ,        2,        64, atomic        ,  5.245070780544281
245, europe_osm   , pioneer   ,       32,        16, openmp        ,  0.9257887760428716
246, europe_osm   , pioneer   ,       32,        32, openmp        ,  0.9257887760428716
247, europe_osm   , pioneer   ,       32,        64, openmp        ,  0.9257887760428716
248, europe_osm   , pioneer   ,       32,       256, openmp        ,  0.9257887760428716
249, europe_osm   , pioneer   ,       32,      1024, openmp        ,  0.9257887760428716
250, europe_osm   , pioneer   ,       32,      4096, openmp        ,  0.9257887760428716
251, GAP-road     , pioneer   ,       32,        16, openmp        ,  0.3937465017115309
252, GAP-road     , pioneer   ,       32,        32, openmp        ,  0.3937465017115309
253, GAP-road     , pioneer   ,       32,        64, openmp        ,  0.3937465017115309
254, GAP-road     , pioneer   ,       32,       256, openmp        ,  0.3937465017115309
255, GAP-road     , pioneer   ,       32,      1024, openmp        ,  0.3937465017115309
256, GAP-road     , pioneer   ,       32,      4096, openmp        ,  0.3937465017115309
257, rgg_n_2_22_s0, pioneer   ,       32,        16, openmp        ,  0.29925255317833743
258, rgg_n_2_22_s0, pioneer   ,       32,        32, openmp        ,  0.29925255317833743
259, rgg_n_2_22_s0, pioneer   ,       32,        64, openmp        ,  0.29925255317833743
260, rgg_n_2_22_s0, pioneer   ,       32,       256, openmp        ,  0.29925255317833743
261, rgg_n_2_22_s0, pioneer   ,       32,      1024, openmp        ,  0.29925255317833743
262, rgg_n_2_22_s0, pioneer   ,       32,      4096, openmp        ,  0.29925255317833743
263, europe_osm   , pioneer   ,       32,        16, openmp        ,  1.1281106921157777
264, europe_osm   , pioneer   ,       32,        32, openmp        ,  1.1281106921157777
265, europe_osm   , pioneer   ,       32,        64, openmp        ,  1.1281106921157777
266, europe_osm   , pioneer   ,       32,       256, openmp        ,  1.1281106921157777
267, europe_osm   , pioneer   ,       32,      1024, openmp        ,  1.1281106921157777
268, europe_osm   , pioneer   ,       32,      4096, openmp        ,  1.1281106921157777
269, GAP-road     , pioneer   ,       32,        16, openmp        ,  0.45100585129921433
270, GAP-road     , pioneer   ,       32,        32, openmp        ,  0.45100585129921433
271, GAP-road     , pioneer   ,       32,        64, openmp        ,  0.45100585129921433
272, GAP-road     , pioneer   ,       32,       256, openmp        ,  0.45100585129921433
273, GAP-road     , pioneer   ,       32,      1024, openmp        ,  0.45100585129921433
274, GAP-road     , pioneer   ,       32,      4096, openmp        ,  0.45100585129921433
275, rgg_n_2_22_s0, pioneer   ,       32,        16, openmp        ,  0.3737395337096808
276, rgg_n_2_22_s0, pioneer   ,       32,        32, openmp        ,  0.3737395337096808
277, rgg_n_2_22_s0, pioneer   ,       32,        64, openmp        ,  0.3737395337096808
278, rgg_n_2_22_s0, pioneer   ,       32,       256, openmp        ,  0.3737395337096808
279, rgg_n_2_22_s0, pioneer   ,       32,      1024, openmp        ,  0.3737395337096808
280, rgg_n_2_22_s0, pioneer   ,       32,      4096, openmp        ,  0.3737395337096808
281, GAP-road     , pioneer   ,        1,       256, mcslock       ,  4.366253153944081
282, rgg_n_2_22_s0, pioneer   ,        1,       256, mcslock       ,  2.186920991274063
283, GAP-road     , pioneer   ,        1,        16, openmp        ,  3.8525118735001778
284, GAP-road     , pioneer   ,        1,        32, openmp        ,  3.8525118735001778
285, GAP-road     , pioneer   ,        1,        64, openmp        ,  3.8525118735001778
286, GAP-road     , pioneer   ,        1,       256, openmp        ,  3.8525118735001778
287, GAP-road     , pioneer   ,        1,      1024, openmp        ,  3.8525118735001778
288, GAP-road     , pioneer   ,        1,      4096, openmp        ,  3.8525118735001778
289, GAP-road     , pioneer   ,        1,        16, openmp        ,  3.68334581960576
290, GAP-road     , pioneer   ,        1,        32, openmp        ,  3.68334581960576
291, GAP-road     , pioneer   ,        1,        64, openmp        ,  3.68334581960576
292, GAP-road     , pioneer   ,        1,       256, openmp        ,  3.68334581960576
293, GAP-road     , pioneer   ,        1,      1024, openmp        ,  3.68334581960576
294, GAP-road     , pioneer   ,        1,      4096, openmp        ,  3.68334581960576
295, rgg_n_2_22_s0, pioneer   ,        1,        16, openmp        ,  2.259046307273668
296, rgg_n_2_22_s0, pioneer   ,        1,        32, openmp        ,  2.259046307273668
297, rgg_n_2_22_s0, pioneer   ,        1,        64, openmp        ,  2.259046307273668
298, rgg_n_2_22_s0, pioneer   ,        1,       256, openmp        ,  2.259046307273668
299, rgg_n_2_22_s0, pioneer   ,        1,      1024, openmp        ,  2.259046307273668
300, rgg_n_2_22_s0, pioneer   ,        1,      4096, openmp        ,  2.259046307273668
301, rgg_n_2_22_s0, pioneer   ,        1,        16, openmp        ,  2.232577905794887
302, rgg_n_2_22_s0, pioneer   ,        1,        32, openmp        ,  2.232577905794887
303, rgg_n_2_22_s0, pioneer   ,        1,        64, openmp        ,  2.232577905794887
304, rgg_n_2_22_s0, pioneer   ,        1,       256, openmp        ,  2.232577905794887
305, rgg_n_2_22_s0, pioneer   ,        1,      1024, openmp        ,  2.232577905794887
306, rgg_n_2_22_s0, pioneer   ,        1,      4096, openmp        ,  2.232577905794887
307, europe_osm   , pioneer   ,        1,        16, openmp        , 11.039432675929826
308, europe_osm   , pioneer   ,        1,        32, openmp        , 11.039432675929826
309, europe_osm   , pioneer   ,        1,        64, openmp        , 11.039432675929826
310, europe_osm   , pioneer   ,        1,       256, openmp        , 11.039432675929826
311, europe_osm   , pioneer   ,        1,      1024, openmp        , 11.039432675929826
312, europe_osm   , pioneer   ,        1,      4096, openmp        , 11.039432675929826
313, europe_osm   , pioneer   ,        1,        16, openmp        , 11.030443740426565
314, europe_osm   , pioneer   ,        1,        32, openmp        , 11.030443740426565
315, europe_osm   , pioneer   ,        1,        64, openmp        , 11.030443740426565
316, europe_osm   , pioneer   ,        1,       256, openmp        , 11.030443740426565
317, europe_osm   , pioneer   ,        1,      1024, openmp        , 11.030443740426565
318, europe_osm   , pioneer   ,        1,      4096, openmp        , 11.030443740426565
319, GAP-road     , pioneer   ,        1,      4096, mcslock       ,  4.09442282845747
320, rgg_n_2_22_s0, pioneer   ,        1,      4096, mcslock       ,  2.1763045105014647
321, rgg_n_2_22_s0, pioneer   ,        1,        32, mcslock       ,  2.2580191910473166
322, GAP-road     , pioneer   ,        1,        32, mcslock       ,  4.316889565558443
323, GAP-road     , pioneer   ,        1,        64, mcslock       ,  4.418084932868816
324, rgg_n_2_22_s0, pioneer   ,        1,        64, mcslock       ,  2.2039711789249243
325, GAP-road     , pioneer   ,        1,      1024, mcslock       ,  4.347496522997593
326, rgg_n_2_22_s0, pioneer   ,        1,      1024, mcslock       ,  2.2172167239628546
327, GAP-road     , pioneer   ,        1,        16, mcslock       ,  4.4545628618692925
328, rgg_n_2_22_s0, pioneer   ,        1,        16, mcslock       ,  2.306465763174171
329, GAP-road     , bananaf3  ,        4,        16, openmp        ,  2.754095951344698
330, GAP-road     , bananaf3  ,        4,        32, openmp        ,  2.754095951344698
331, GAP-road     , bananaf3  ,        4,        64, openmp        ,  2.754095951344698
332, GAP-road     , bananaf3  ,        4,       256, openmp        ,  2.754095951344698
333, GAP-road     , bananaf3  ,        4,      1024, openmp        ,  2.754095951344698
334, GAP-road     , bananaf3  ,        4,      4096, openmp        ,  2.754095951344698
335, rgg_n_2_22_s0, bananaf3  ,        4,        16, openmp        ,  1.501607510058803
336, rgg_n_2_22_s0, bananaf3  ,        4,        32, openmp        ,  1.501607510058803
337, rgg_n_2_22_s0, bananaf3  ,        4,        64, openmp        ,  1.501607510058803
338, rgg_n_2_22_s0, bananaf3  ,        4,       256, openmp        ,  1.501607510058803
339, rgg_n_2_22_s0, bananaf3  ,        4,      1024, openmp        ,  1.501607510058803
340, rgg_n_2_22_s0, bananaf3  ,        4,      4096, openmp        ,  1.501607510058803
341, GAP-road     , bananaf3  ,        4,        16, openmp        ,  2.8923540174831452
342, GAP-road     , bananaf3  ,        4,        32, openmp        ,  2.8923540174831452
343, GAP-road     , bananaf3  ,        4,        64, openmp        ,  2.8923540174831452
344, GAP-road     , bananaf3  ,        4,       256, openmp        ,  2.8923540174831452
345, GAP-road     , bananaf3  ,        4,      1024, openmp        ,  2.8923540174831452
346, GAP-road     , bananaf3  ,        4,      4096, openmp        ,  2.8923540174831452
347, europe_osm   , bananaf3  ,        4,        16, openmp        ,  6.898743725383098
348, europe_osm   , bananaf3  ,        4,        32, openmp        ,  6.898743725383098
349, europe_osm   , bananaf3  ,        4,        64, openmp        ,  6.898743725383098
350, europe_osm   , bananaf3  ,        4,       256, openmp        ,  6.898743725383098
351, europe_osm   , bananaf3  ,        4,      1024, openmp        ,  6.898743725383098
352, europe_osm   , bananaf3  ,        4,      4096, openmp        ,  6.898743725383098
353, GAP-road     , arriesgado,        1,       256, mcslock       ,  9.390877566320734
354, rgg_n_2_22_s0, arriesgado,        1,       256, mcslock       ,  5.038588349146083
355, rgg_n_2_22_s0, arriesgado,        1,      4096, mcslock       ,  5.053987359642838
356, GAP-road     , arriesgado,        1,      4096, mcslock       ,  9.705869502767655
357, GAP-road     , arriesgado,        1,        32, mcslock       ,  9.549297052187137
358, rgg_n_2_22_s0, arriesgado,        1,        32, mcslock       ,  4.999000902576066
359, GAP-road     , arriesgado,        1,        64, mcslock       ,  9.505269264956938
360, rgg_n_2_22_s0, arriesgado,        1,        64, mcslock       ,  5.001762114692269
361, rgg_n_2_22_s0, arriesgado,        1,      1024, mcslock       ,  5.0208293837889535
362, GAP-road     , arriesgado,        1,      1024, mcslock       ,  9.522538717627869
363, rgg_n_2_22_s0, arriesgado,        1,        16, mcslock       ,  5.080355330656686
364, GAP-road     , arriesgado,        1,        16, mcslock       ,  9.65663176551757
365, rgg_n_2_22_s0, bananaf3  ,        8,        16, openmp        ,  0.8360145949252229
366, rgg_n_2_22_s0, bananaf3  ,        8,        32, openmp        ,  0.8360145949252229
367, rgg_n_2_22_s0, bananaf3  ,        8,        64, openmp        ,  0.8360145949252229
368, rgg_n_2_22_s0, bananaf3  ,        8,       256, openmp        ,  0.8360145949252229
369, rgg_n_2_22_s0, bananaf3  ,        8,      1024, openmp        ,  0.8360145949252229
370, rgg_n_2_22_s0, bananaf3  ,        8,      4096, openmp        ,  0.8360145949252229
371, GAP-road     , bananaf3  ,        8,        16, openmp        ,  1.7179704004539653
372, GAP-road     , bananaf3  ,        8,        32, openmp        ,  1.7179704004539653
373, GAP-road     , bananaf3  ,        8,        64, openmp        ,  1.7179704004539653
374, GAP-road     , bananaf3  ,        8,       256, openmp        ,  1.7179704004539653
375, GAP-road     , bananaf3  ,        8,      1024, openmp        ,  1.7179704004539653
376, GAP-road     , bananaf3  ,        8,      4096, openmp        ,  1.7179704004539653
377, europe_osm   , bananaf3  ,        8,        16, openmp        ,  3.7489061799015593
378, europe_osm   , bananaf3  ,        8,        32, openmp        ,  3.7489061799015593
379, europe_osm   , bananaf3  ,        8,        64, openmp        ,  3.7489061799015593
380, europe_osm   , bananaf3  ,        8,       256, openmp        ,  3.7489061799015593
381, europe_osm   , bananaf3  ,        8,      1024, openmp        ,  3.7489061799015593
382, europe_osm   , bananaf3  ,        8,      4096, openmp        ,  3.7489061799015593
383, rgg_n_2_22_s0, pioneer   ,        2,        16, openmp        ,  1.2530636822405377
384, rgg_n_2_22_s0, pioneer   ,        2,        32, openmp        ,  1.2530636822405377
385, rgg_n_2_22_s0, pioneer   ,        2,        64, openmp        ,  1.2530636822405377
386, rgg_n_2_22_s0, pioneer   ,        2,       256, openmp        ,  1.2530636822405377
387, rgg_n_2_22_s0, pioneer   ,        2,      1024, openmp        ,  1.2530636822405377
388, rgg_n_2_22_s0, pioneer   ,        2,      4096, openmp        ,  1.2530636822405377
389, GAP-road     , pioneer   ,        2,        16, openmp        ,  2.021806137395484
390, GAP-road     , pioneer   ,        2,        32, openmp        ,  2.021806137395484
391, GAP-road     , pioneer   ,        2,        64, openmp        ,  2.021806137395484
392, GAP-road     , pioneer   ,        2,       256, openmp        ,  2.021806137395484
393, GAP-road     , pioneer   ,        2,      1024, openmp        ,  2.021806137395484
394, GAP-road     , pioneer   ,        2,      4096, openmp        ,  2.021806137395484
395, europe_osm   , pioneer   ,        2,        16, openmp        ,  5.6638936715404204
396, europe_osm   , pioneer   ,        2,        32, openmp        ,  5.6638936715404204
397, europe_osm   , pioneer   ,        2,        64, openmp        ,  5.6638936715404204
398, europe_osm   , pioneer   ,        2,       256, openmp        ,  5.6638936715404204
399, europe_osm   , pioneer   ,        2,      1024, openmp        ,  5.6638936715404204
400, europe_osm   , pioneer   ,        2,      4096, openmp        ,  5.6638936715404204
401, europe_osm   , pioneer   ,        2,        16, openmp        ,  6.57032933352415
402, europe_osm   , pioneer   ,        2,        32, openmp        ,  6.57032933352415
403, europe_osm   , pioneer   ,        2,        64, openmp        ,  6.57032933352415
404, europe_osm   , pioneer   ,        2,       256, openmp        ,  6.57032933352415
405, europe_osm   , pioneer   ,        2,      1024, openmp        ,  6.57032933352415
406, europe_osm   , pioneer   ,        2,      4096, openmp        ,  6.57032933352415
407, GAP-road     , pioneer   ,        2,        16, openmp        ,  1.8098486849282853
408, GAP-road     , pioneer   ,        2,        32, openmp        ,  1.8098486849282853
409, GAP-road     , pioneer   ,        2,        64, openmp        ,  1.8098486849282853
410, GAP-road     , pioneer   ,        2,       256, openmp        ,  1.8098486849282853
411, GAP-road     , pioneer   ,        2,      1024, openmp        ,  1.8098486849282853
412, GAP-road     , pioneer   ,        2,      4096, openmp        ,  1.8098486849282853
413, rgg_n_2_22_s0, pioneer   ,        2,        16, openmp        ,  1.463330616246747
414, rgg_n_2_22_s0, pioneer   ,        2,        32, openmp        ,  1.463330616246747
415, rgg_n_2_22_s0, pioneer   ,        2,        64, openmp        ,  1.463330616246747
416, rgg_n_2_22_s0, pioneer   ,        2,       256, openmp        ,  1.463330616246747
417, rgg_n_2_22_s0, pioneer   ,        2,      1024, openmp        ,  1.463330616246747
418, rgg_n_2_22_s0, pioneer   ,        2,      4096, openmp        ,  1.463330616246747
419, rgg_n_2_22_s0, pioneer   ,        2,      4096, mcslock       ,  2.1283547170412045
420, GAP-road     , pioneer   ,       64,        16, openmp        ,  0.6430362434296754
421, GAP-road     , pioneer   ,       64,        32, openmp        ,  0.6430362434296754
422, GAP-road     , pioneer   ,       64,        64, openmp        ,  0.6430362434296754
423, GAP-road     , pioneer   ,       64,       256, openmp        ,  0.6430362434296754
424, GAP-road     , pioneer   ,       64,      1024, openmp        ,  0.6430362434296754
425, GAP-road     , pioneer   ,       64,      4096, openmp        ,  0.6430362434296754
426, GAP-road     , pioneer   ,       64,        16, openmp        ,  0.5287869309781664
427, GAP-road     , pioneer   ,       64,        32, openmp        ,  0.5287869309781664
428, GAP-road     , pioneer   ,       64,        64, openmp        ,  0.5287869309781664
429, GAP-road     , pioneer   ,       64,       256, openmp        ,  0.5287869309781664
430, GAP-road     , pioneer   ,       64,      1024, openmp        ,  0.5287869309781664
431, GAP-road     , pioneer   ,       64,      4096, openmp        ,  0.5287869309781664
432, rgg_n_2_22_s0, pioneer   ,       64,        16, openmp        ,  0.5039214230492366
433, rgg_n_2_22_s0, pioneer   ,       64,        32, openmp        ,  0.5039214230492366
434, rgg_n_2_22_s0, pioneer   ,       64,        64, openmp        ,  0.5039214230492366
435, rgg_n_2_22_s0, pioneer   ,       64,       256, openmp        ,  0.5039214230492366
436, rgg_n_2_22_s0, pioneer   ,       64,      1024, openmp        ,  0.5039214230492366
437, rgg_n_2_22_s0, pioneer   ,       64,      4096, openmp        ,  0.5039214230492366
438, rgg_n_2_22_s0, pioneer   ,       64,        16, openmp        ,  0.3387858584792408
439, rgg_n_2_22_s0, pioneer   ,       64,        32, openmp        ,  0.3387858584792408
440, rgg_n_2_22_s0, pioneer   ,       64,        64, openmp        ,  0.3387858584792408
441, rgg_n_2_22_s0, pioneer   ,       64,       256, openmp        ,  0.3387858584792408
442, rgg_n_2_22_s0, pioneer   ,       64,      1024, openmp        ,  0.3387858584792408
443, rgg_n_2_22_s0, pioneer   ,       64,      4096, openmp        ,  0.3387858584792408
444, europe_osm   , pioneer   ,       64,        16, openmp        ,  1.3761994609168786
445, europe_osm   , pioneer   ,       64,        32, openmp        ,  1.3761994609168786
446, europe_osm   , pioneer   ,       64,        64, openmp        ,  1.3761994609168786
447, europe_osm   , pioneer   ,       64,       256, openmp        ,  1.3761994609168786
448, europe_osm   , pioneer   ,       64,      1024, openmp        ,  1.3761994609168786
449, europe_osm   , pioneer   ,       64,      4096, openmp        ,  1.3761994609168786
450, europe_osm   , pioneer   ,       64,        16, openmp        ,  1.8225313619607224
451, europe_osm   , pioneer   ,       64,        32, openmp        ,  1.8225313619607224
452, europe_osm   , pioneer   ,       64,        64, openmp        ,  1.8225313619607224
453, europe_osm   , pioneer   ,       64,       256, openmp        ,  1.8225313619607224
454, europe_osm   , pioneer   ,       64,      1024, openmp        ,  1.8225313619607224
455, europe_osm   , pioneer   ,       64,      4096, openmp        ,  1.8225313619607224
456, europe_osm   , pioneer   ,        4,        16, openmp        ,  4.086895542180023
457, europe_osm   , pioneer   ,        4,        32, openmp        ,  4.086895542180023
458, europe_osm   , pioneer   ,        4,        64, openmp        ,  4.086895542180023
459, europe_osm   , pioneer   ,        4,       256, openmp        ,  4.086895542180023
460, europe_osm   , pioneer   ,        4,      1024, openmp        ,  4.086895542180023
461, europe_osm   , pioneer   ,        4,      4096, openmp        ,  4.086895542180023
462, europe_osm   , pioneer   ,        4,        16, openmp        ,  4.247540688864592
463, europe_osm   , pioneer   ,        4,        32, openmp        ,  4.247540688864592
464, europe_osm   , pioneer   ,        4,        64, openmp        ,  4.247540688864592
465, europe_osm   , pioneer   ,        4,       256, openmp        ,  4.247540688864592
466, europe_osm   , pioneer   ,        4,      1024, openmp        ,  4.247540688864592
467, europe_osm   , pioneer   ,        4,      4096, openmp        ,  4.247540688864592
468, GAP-road     , pioneer   ,        4,        16, openmp        ,  1.5386125530243333
469, GAP-road     , pioneer   ,        4,        32, openmp        ,  1.5386125530243333
470, GAP-road     , pioneer   ,        4,        64, openmp        ,  1.5386125530243333
471, GAP-road     , pioneer   ,        4,       256, openmp        ,  1.5386125530243333
472, GAP-road     , pioneer   ,        4,      1024, openmp        ,  1.5386125530243333
473, GAP-road     , pioneer   ,        4,      4096, openmp        ,  1.5386125530243333
474, GAP-road     , pioneer   ,        4,        16, openmp        ,  1.3966970251467608
475, GAP-road     , pioneer   ,        4,        32, openmp        ,  1.3966970251467608
476, GAP-road     , pioneer   ,        4,        64, openmp        ,  1.3966970251467608
477, GAP-road     , pioneer   ,        4,       256, openmp        ,  1.3966970251467608
478, GAP-road     , pioneer   ,        4,      1024, openmp        ,  1.3966970251467608
479, GAP-road     , pioneer   ,        4,      4096, openmp        ,  1.3966970251467608
480, rgg_n_2_22_s0, pioneer   ,        4,        16, openmp        ,  0.7454770871004062
481, rgg_n_2_22_s0, pioneer   ,        4,        32, openmp        ,  0.7454770871004062
482, rgg_n_2_22_s0, pioneer   ,        4,        64, openmp        ,  0.7454770871004062
483, rgg_n_2_22_s0, pioneer   ,        4,       256, openmp        ,  0.7454770871004062
484, rgg_n_2_22_s0, pioneer   ,        4,      1024, openmp        ,  0.7454770871004062
485, rgg_n_2_22_s0, pioneer   ,        4,      4096, openmp        ,  0.7454770871004062
486, rgg_n_2_22_s0, pioneer   ,        4,        16, openmp        ,  0.7424222515675577
487, rgg_n_2_22_s0, pioneer   ,        4,        32, openmp        ,  0.7424222515675577
488, rgg_n_2_22_s0, pioneer   ,        4,        64, openmp        ,  0.7424222515675577
489, rgg_n_2_22_s0, pioneer   ,        4,       256, openmp        ,  0.7424222515675577
490, rgg_n_2_22_s0, pioneer   ,        4,      1024, openmp        ,  0.7424222515675577
491, rgg_n_2_22_s0, pioneer   ,        4,      4096, openmp        ,  0.7424222515675577
492, europe_osm   , pioneer   ,        8,        16, openmp        ,  1.5127350990336699
493, europe_osm   , pioneer   ,        8,        32, openmp        ,  1.5127350990336699
494, europe_osm   , pioneer   ,        8,        64, openmp        ,  1.5127350990336699
495, europe_osm   , pioneer   ,        8,       256, openmp        ,  1.5127350990336699
496, europe_osm   , pioneer   ,        8,      1024, openmp        ,  1.5127350990336699
497, europe_osm   , pioneer   ,        8,      4096, openmp        ,  1.5127350990336699
498, europe_osm   , pioneer   ,        8,        16, openmp        ,  1.546444165119739
499, europe_osm   , pioneer   ,        8,        32, openmp        ,  1.546444165119739
500, europe_osm   , pioneer   ,        8,        64, openmp        ,  1.546444165119739
501, europe_osm   , pioneer   ,        8,       256, openmp        ,  1.546444165119739
502, europe_osm   , pioneer   ,        8,      1024, openmp        ,  1.546444165119739
503, europe_osm   , pioneer   ,        8,      4096, openmp        ,  1.546444165119739
504, rgg_n_2_22_s0, pioneer   ,        8,        16, openmp        ,  0.45765490257684316
505, rgg_n_2_22_s0, pioneer   ,        8,        32, openmp        ,  0.45765490257684316
506, rgg_n_2_22_s0, pioneer   ,        8,        64, openmp        ,  0.45765490257684316
507, rgg_n_2_22_s0, pioneer   ,        8,       256, openmp        ,  0.45765490257684316
508, rgg_n_2_22_s0, pioneer   ,        8,      1024, openmp        ,  0.45765490257684316
509, rgg_n_2_22_s0, pioneer   ,        8,      4096, openmp        ,  0.45765490257684316
510, GAP-road     , pioneer   ,        8,        16, openmp        ,  0.7645049758690943
511, GAP-road     , pioneer   ,        8,        32, openmp        ,  0.7645049758690943
512, GAP-road     , pioneer   ,        8,        64, openmp        ,  0.7645049758690943
513, GAP-road     , pioneer   ,        8,       256, openmp        ,  0.7645049758690943
514, GAP-road     , pioneer   ,        8,      1024, openmp        ,  0.7645049758690943
515, GAP-road     , pioneer   ,        8,      4096, openmp        ,  0.7645049758690943
516, rgg_n_2_22_s0, pioneer   ,        8,        16, openmp        ,  0.49754775827228276
517, rgg_n_2_22_s0, pioneer   ,        8,        32, openmp        ,  0.49754775827228276
518, rgg_n_2_22_s0, pioneer   ,        8,        64, openmp        ,  0.49754775827228276
519, rgg_n_2_22_s0, pioneer   ,        8,       256, openmp        ,  0.49754775827228276
520, rgg_n_2_22_s0, pioneer   ,        8,      1024, openmp        ,  0.49754775827228276
521, rgg_n_2_22_s0, pioneer   ,        8,      4096, openmp        ,  0.49754775827228276
522, GAP-road     , pioneer   ,        8,        16, openmp        ,  0.6234873242338382
523, GAP-road     , pioneer   ,        8,        32, openmp        ,  0.6234873242338382
524, GAP-road     , pioneer   ,        8,        64, openmp        ,  0.6234873242338382
525, GAP-road     , pioneer   ,        8,       256, openmp        ,  0.6234873242338382
526, GAP-road     , pioneer   ,        8,      1024, openmp        ,  0.6234873242338382
527, GAP-road     , pioneer   ,        8,      4096, openmp        ,  0.6234873242338382
528, europe_osm   , pioneer   ,       16,        16, openmp        ,  1.2170599071216632
529, europe_osm   , pioneer   ,       16,        32, openmp        ,  1.2170599071216632
530, europe_osm   , pioneer   ,       16,        64, openmp        ,  1.2170599071216632
531, europe_osm   , pioneer   ,       16,       256, openmp        ,  1.2170599071216632
532, europe_osm   , pioneer   ,       16,      1024, openmp        ,  1.2170599071216632
533, europe_osm   , pioneer   ,       16,      4096, openmp        ,  1.2170599071216632
534, GAP-road     , pioneer   ,       16,        16, openmp        ,  0.5011903101170493
535, GAP-road     , pioneer   ,       16,        32, openmp        ,  0.5011903101170493
536, GAP-road     , pioneer   ,       16,        64, openmp        ,  0.5011903101170493
537, GAP-road     , pioneer   ,       16,       256, openmp        ,  0.5011903101170493
538, GAP-road     , pioneer   ,       16,      1024, openmp        ,  0.5011903101170493
539, GAP-road     , pioneer   ,       16,      4096, openmp        ,  0.5011903101170493
540, rgg_n_2_22_s0, pioneer   ,       16,        16, openmp        ,  0.419073198942704
541, rgg_n_2_22_s0, pioneer   ,       16,        32, openmp        ,  0.419073198942704
542, rgg_n_2_22_s0, pioneer   ,       16,        64, openmp        ,  0.419073198942704
543, rgg_n_2_22_s0, pioneer   ,       16,       256, openmp        ,  0.419073198942704
544, rgg_n_2_22_s0, pioneer   ,       16,      1024, openmp        ,  0.419073198942704
545, rgg_n_2_22_s0, pioneer   ,       16,      4096, openmp        ,  0.419073198942704
546, GAP-road     , pioneer   ,       16,        16, openmp        ,  0.513819502926583
547, GAP-road     , pioneer   ,       16,        32, openmp        ,  0.513819502926583
548, GAP-road     , pioneer   ,       16,        64, openmp        ,  0.513819502926583
549, GAP-road     , pioneer   ,       16,       256, openmp        ,  0.513819502926583
550, GAP-road     , pioneer   ,       16,      1024, openmp        ,  0.513819502926583
551, GAP-road     , pioneer   ,       16,      4096, openmp        ,  0.513819502926583
552, europe_osm   , pioneer   ,       16,        16, openmp        ,  1.2301420900789521
553, europe_osm   , pioneer   ,       16,        32, openmp        ,  1.2301420900789521
554, europe_osm   , pioneer   ,       16,        64, openmp        ,  1.2301420900789521
555, europe_osm   , pioneer   ,       16,       256, openmp        ,  1.2301420900789521
556, europe_osm   , pioneer   ,       16,      1024, openmp        ,  1.2301420900789521
557, europe_osm   , pioneer   ,       16,      4096, openmp        ,  1.2301420900789521
558, rgg_n_2_22_s0, pioneer   ,       16,        16, openmp        ,  0.3669953749025969
559, rgg_n_2_22_s0, pioneer   ,       16,        32, openmp        ,  0.3669953749025969
560, rgg_n_2_22_s0, pioneer   ,       16,        64, openmp        ,  0.3669953749025969
561, rgg_n_2_22_s0, pioneer   ,       16,       256, openmp        ,  0.3669953749025969
562, rgg_n_2_22_s0, pioneer   ,       16,      1024, openmp        ,  0.3669953749025969
563, rgg_n_2_22_s0, pioneer   ,       16,      4096, openmp        ,  0.3669953749025969
564, GAP-road     , bananaf3  ,        1,       256, mcslock       ,  9.185304032923984
565, rgg_n_2_22_s0, bananaf3  ,        1,       256, mcslock       ,  4.709220879460914
566, rgg_n_2_22_s0, bananaf3  ,        1,        16, openmp        ,  5.087101659159851
567, rgg_n_2_22_s0, bananaf3  ,        1,        32, openmp        ,  5.087101659159851
568, rgg_n_2_22_s0, bananaf3  ,        1,        64, openmp        ,  5.087101659159851
569, rgg_n_2_22_s0, bananaf3  ,        1,       256, openmp        ,  5.087101659159851
570, rgg_n_2_22_s0, bananaf3  ,        1,      1024, openmp        ,  5.087101659159851
571, rgg_n_2_22_s0, bananaf3  ,        1,      4096, openmp        ,  5.087101659159851
572, GAP-road     , bananaf3  ,        1,        16, openmp        , 11.560008955651316
573, GAP-road     , bananaf3  ,        1,        32, openmp        , 11.560008955651316
574, GAP-road     , bananaf3  ,        1,        64, openmp        , 11.560008955651316
575, GAP-road     , bananaf3  ,        1,       256, openmp        , 11.560008955651316
576, GAP-road     , bananaf3  ,        1,      1024, openmp        , 11.560008955651316
577, GAP-road     , bananaf3  ,        1,      4096, openmp        , 11.560008955651316
578, europe_osm   , bananaf3  ,        1,        16, openmp        , 22.926224866208333
579, europe_osm   , bananaf3  ,        1,        32, openmp        , 22.926224866208333
580, europe_osm   , bananaf3  ,        1,        64, openmp        , 22.926224866208333
581, europe_osm   , bananaf3  ,        1,       256, openmp        , 22.926224866208333
582, europe_osm   , bananaf3  ,        1,      1024, openmp        , 22.926224866208333
583, europe_osm   , bananaf3  ,        1,      4096, openmp        , 22.926224866208333
584, rgg_n_2_22_s0, bananaf3  ,        1,        16, openmp        ,  5.083769700455018
585, rgg_n_2_22_s0, bananaf3  ,        1,        32, openmp        ,  5.083769700455018
586, rgg_n_2_22_s0, bananaf3  ,        1,        64, openmp        ,  5.083769700455018
587, rgg_n_2_22_s0, bananaf3  ,        1,       256, openmp        ,  5.083769700455018
588, rgg_n_2_22_s0, bananaf3  ,        1,      1024, openmp        ,  5.083769700455018
589, rgg_n_2_22_s0, bananaf3  ,        1,      4096, openmp        ,  5.083769700455018
590, europe_osm   , bananaf3  ,        1,        16, openmp        , 22.93365770814965
591, europe_osm   , bananaf3  ,        1,        32, openmp        , 22.93365770814965
592, europe_osm   , bananaf3  ,        1,        64, openmp        , 22.93365770814965
593, europe_osm   , bananaf3  ,        1,       256, openmp        , 22.93365770814965
594, europe_osm   , bananaf3  ,        1,      1024, openmp        , 22.93365770814965
595, europe_osm   , bananaf3  ,        1,      4096, openmp        , 22.93365770814965
596, GAP-road     , bananaf3  ,        1,        16, openmp        , 11.666402264304013
597, GAP-road     , bananaf3  ,        1,        32, openmp        , 11.666402264304013
598, GAP-road     , bananaf3  ,        1,        64, openmp        , 11.666402264304013
599, GAP-road     , bananaf3  ,        1,       256, openmp        , 11.666402264304013
600, GAP-road     , bananaf3  ,        1,      1024, openmp        , 11.666402264304013
601, GAP-road     , bananaf3  ,        1,      4096, openmp        , 11.666402264304013
602, rgg_n_2_22_s0, bananaf3  ,        1,      4096, mcslock       ,  4.704464086939487
603, GAP-road     , bananaf3  ,        1,      4096, mcslock       ,  9.192910019282284
604, GAP-road     , bananaf3  ,        1,        32, mcslock       ,  9.395630382849102
605, rgg_n_2_22_s0, bananaf3  ,        1,        32, mcslock       ,  4.7384241991656015
606, rgg_n_2_22_s0, bananaf3  ,        1,        64, mcslock       ,  4.7045936953177
607, GAP-road     , bananaf3  ,        1,        64, mcslock       ,  9.312889039019884
608, GAP-road     , bananaf3  ,        1,      1024, mcslock       ,  9.1868038727944
609, rgg_n_2_22_s0, bananaf3  ,        1,      1024, mcslock       ,  4.708231066335156
610, GAP-road     , bananaf3  ,        1,        16, mcslock       , 10.761088836024406
611, rgg_n_2_22_s0, bananaf3  ,        1,        16, mcslock       ,  4.785724678267367
612, rgg_n_2_22_s0, bananaf3  ,        2,       256, mcslock       ,  2.519352248696496
613, GAP-road     , bananaf3  ,        2,        16, openmp        ,  5.563991830235159
614, GAP-road     , bananaf3  ,        2,        32, openmp        ,  5.563991830235159
615, GAP-road     , bananaf3  ,        2,        64, openmp        ,  5.563991830235159
616, GAP-road     , bananaf3  ,        2,       256, openmp        ,  5.563991830235159
617, GAP-road     , bananaf3  ,        2,      1024, openmp        ,  5.563991830235159
618, GAP-road     , bananaf3  ,        2,      4096, openmp        ,  5.563991830235159
619, europe_osm   , bananaf3  ,        2,        16, openmp        , 10.432117771672585
620, europe_osm   , bananaf3  ,        2,        32, openmp        , 10.432117771672585
621, europe_osm   , bananaf3  ,        2,        64, openmp        , 10.432117771672585
622, europe_osm   , bananaf3  ,        2,       256, openmp        , 10.432117771672585
623, europe_osm   , bananaf3  ,        2,      1024, openmp        , 10.432117771672585
624, europe_osm   , bananaf3  ,        2,      4096, openmp        , 10.432117771672585
625, GAP-road     , bananaf3  ,        2,        16, openmp        ,  4.351342078023769
626, GAP-road     , bananaf3  ,        2,        32, openmp        ,  4.351342078023769
627, GAP-road     , bananaf3  ,        2,        64, openmp        ,  4.351342078023769
628, GAP-road     , bananaf3  ,        2,       256, openmp        ,  4.351342078023769
629, GAP-road     , bananaf3  ,        2,      1024, openmp        ,  4.351342078023769
630, GAP-road     , bananaf3  ,        2,      4096, openmp        ,  4.351342078023769
631, rgg_n_2_22_s0, bananaf3  ,        2,        16, openmp        ,  2.5276335360873663
632, rgg_n_2_22_s0, bananaf3  ,        2,        32, openmp        ,  2.5276335360873663
633, rgg_n_2_22_s0, bananaf3  ,        2,        64, openmp        ,  2.5276335360873663
634, rgg_n_2_22_s0, bananaf3  ,        2,       256, openmp        ,  2.5276335360873663
635, rgg_n_2_22_s0, bananaf3  ,        2,      1024, openmp        ,  2.5276335360873663
636, rgg_n_2_22_s0, bananaf3  ,        2,      4096, openmp        ,  2.5276335360873663
637, rgg_n_2_22_s0, bananaf3  ,        2,        16, openmp        ,  2.70541226022584
638, rgg_n_2_22_s0, bananaf3  ,        2,        32, openmp        ,  2.70541226022584
639, rgg_n_2_22_s0, bananaf3  ,        2,        64, openmp        ,  2.70541226022584
640, rgg_n_2_22_s0, bananaf3  ,        2,       256, openmp        ,  2.70541226022584
641, rgg_n_2_22_s0, bananaf3  ,        2,      1024, openmp        ,  2.70541226022584
642, rgg_n_2_22_s0, bananaf3  ,        2,      4096, openmp        ,  2.70541226022584
643, europe_osm   , bananaf3  ,        2,        16, openmp        , 12.51059458603056
644, europe_osm   , bananaf3  ,        2,        32, openmp        , 12.51059458603056
645, europe_osm   , bananaf3  ,        2,        64, openmp        , 12.51059458603056
646, europe_osm   , bananaf3  ,        2,       256, openmp        , 12.51059458603056
647, europe_osm   , bananaf3  ,        2,      1024, openmp        , 12.51059458603056
648, europe_osm   , bananaf3  ,        2,      4096, openmp        , 12.51059458603056
649, europe_osm   , pioneer   ,       32,       256, mutex         ,  1.1451553406183383
650, rgg_n_2_22_s0, pioneer   ,       32,       256, mutex         ,  0.4376078455283703
651, GAP-road     , pioneer   ,       32,       256, mutex         ,  0.4987334154169456
652, GAP-road     , pioneer   ,       32,      1024, mutex         ,  1.5515352955255663
653, europe_osm   , pioneer   ,       32,      1024, mutex         ,  2.754159739314675
654, rgg_n_2_22_s0, pioneer   ,       32,      1024, mutex         ,  0.8136349815847934
655, europe_osm   , pioneer   ,       32,        64, mutex         ,  0.6694296369544479
656, rgg_n_2_22_s0, pioneer   ,       32,        64, mutex         ,  0.3116429405202062
657, GAP-road     , pioneer   ,       32,        64, mutex         ,  0.33379346620966754
658, GAP-road     , pioneer   ,       32,        32, mutex         ,  0.36990347561427445
659, europe_osm   , pioneer   ,       32,        32, mutex         ,  0.9405165928529727
660, rgg_n_2_22_s0, pioneer   ,       32,        32, mutex         ,  0.3379068904928693
661, europe_osm   , pioneer   ,       32,        16, mutex         ,  1.4682987430439625
662, rgg_n_2_22_s0, pioneer   ,       32,        16, mutex         ,  0.3358603659653492
663, GAP-road     , pioneer   ,       32,        16, mutex         ,  0.6340755335988768
664, europe_osm   , pioneer   ,       32,      4096, mutex         ,  7.678773539984967
665, GAP-road     , pioneer   ,       32,      4096, mutex         ,  3.7734248622694464
666, rgg_n_2_22_s0, pioneer   ,       32,      4096, mutex         ,  2.01611331176552
667, europe_osm   , pioneer   ,        1,       256, mutex         , 10.34546396234473
668, GAP-road     , pioneer   ,        1,       256, mutex         ,  4.251511894291839
669, rgg_n_2_22_s0, pioneer   ,        1,       256, mutex         ,  2.2842120824253893
670, GAP-road     , pioneer   ,        1,      1024, mutex         ,  4.398560765281116
671, europe_osm   , pioneer   ,        1,      1024, mutex         , 10.206157982675203
672, rgg_n_2_22_s0, pioneer   ,        1,      1024, mutex         ,  2.2042099465283163
673, europe_osm   , pioneer   ,        1,        64, mutex         , 10.919533840036246
674, GAP-road     , pioneer   ,        1,        64, mutex         ,  4.496686020468623
675, rgg_n_2_22_s0, pioneer   ,        1,        64, mutex         ,  2.300206729027204
676, europe_osm   , pioneer   ,        1,        32, mutex         , 10.572521421729576
677, GAP-road     , pioneer   ,        1,        32, mutex         ,  4.59573373313614
678, rgg_n_2_22_s0, pioneer   ,        1,        32, mutex         ,  2.3205871000975584
679, rgg_n_2_22_s0, pioneer   ,        1,        16, mutex         ,  2.3298450353426943
680, GAP-road     , pioneer   ,        1,        16, mutex         ,  4.7734701032521265
681, europe_osm   , pioneer   ,        1,        16, mutex         , 11.433618867533843
682, GAP-road     , pioneer   ,        1,      4096, mutex         ,  4.3501300080600025
683, europe_osm   , pioneer   ,        1,      4096, mutex         , 10.894580652724219
684, rgg_n_2_22_s0, pioneer   ,        1,      4096, mutex         ,  2.210461168400217
685, rgg_n_2_22_s0, bananaf3  ,        4,       256, mutex         ,  1.4859721354094995
686, europe_osm   , bananaf3  ,        4,       256, mutex         ,  5.870298562111854
687, GAP-road     , bananaf3  ,        4,       256, mutex         ,  2.9077510607143475
688, europe_osm   , bananaf3  ,        4,      1024, mutex         ,  7.524943946368342
689, rgg_n_2_22_s0, bananaf3  ,        4,      1024, mutex         ,  2.0526806531832444
690, GAP-road     , bananaf3  ,        4,      1024, mutex         ,  3.932679607072391
691, rgg_n_2_22_s0, bananaf3  ,        4,        64, mutex         ,  1.3604777998767308
692, europe_osm   , bananaf3  ,        4,        64, mutex         ,  5.455556547669034
693, GAP-road     , bananaf3  ,        4,        64, mutex         ,  2.677795902417772
694, europe_osm   , bananaf3  ,        4,        32, mutex         ,  5.504356173711464
695, GAP-road     , bananaf3  ,        4,        32, mutex         ,  2.6749432742921084
696, rgg_n_2_22_s0, bananaf3  ,        4,        32, mutex         ,  1.3587892876141283
697, europe_osm   , bananaf3  ,        4,        16, mutex         ,  5.706647674563129
698, GAP-road     , bananaf3  ,        4,        16, mutex         ,  2.7530225361719123
699, rgg_n_2_22_s0, bananaf3  ,        4,        16, mutex         ,  1.3848565834268292
700, GAP-road     , bananaf3  ,        4,      4096, mutex         ,  7.344517521071224
701, rgg_n_2_22_s0, bananaf3  ,        4,      4096, mutex         ,  4.110827154205695
702, europe_osm   , bananaf3  ,        4,      4096, mutex         , 12.565535587837896
703, rgg_n_2_22_s0, arriesgado,        1,       256, mutex         ,  5.023413161781559
704, GAP-road     , arriesgado,        1,       256, mutex         ,  9.506544302556794
705, rgg_n_2_22_s0, arriesgado,        1,      1024, mutex         ,  5.044442954759904
706, GAP-road     , arriesgado,        1,      1024, mutex         ,  9.55430863702029
707, rgg_n_2_22_s0, arriesgado,        1,        64, mutex         ,  5.0544983635116765
708, GAP-road     , arriesgado,        1,        64, mutex         ,  9.567685278691936
709, rgg_n_2_22_s0, arriesgado,        1,        32, mutex         ,  5.031667493532452
710, GAP-road     , arriesgado,        1,        32, mutex         ,  9.607728223682845
711, rgg_n_2_22_s0, arriesgado,        1,        16, mutex         ,  5.094002968761201
712, GAP-road     , arriesgado,        1,        16, mutex         ,  9.765453847113989
713, GAP-road     , arriesgado,        1,      4096, mutex         ,  9.594466597764931
714, rgg_n_2_22_s0, arriesgado,        1,      4096, mutex         ,  4.9925729414041715
715, GAP-road     , bananaf3  ,        8,       256, mutex         ,  1.637352607675571
716, europe_osm   , bananaf3  ,        8,       256, mutex         ,  3.206170817556131
717, rgg_n_2_22_s0, bananaf3  ,        8,       256, mutex         ,  0.9342430583650597
718, GAP-road     , bananaf3  ,        8,      1024, mutex         ,  2.8541787392765445
719, rgg_n_2_22_s0, bananaf3  ,        8,      1024, mutex         ,  1.6916893700745863
720, europe_osm   , bananaf3  ,        8,      1024, mutex         ,  5.113104081684484
721, rgg_n_2_22_s0, bananaf3  ,        8,        64, mutex         ,  0.796002313441466
722, GAP-road     , bananaf3  ,        8,        64, mutex         ,  1.4126360595937513
723, europe_osm   , bananaf3  ,        8,        64, mutex         ,  2.786202733005258
724, GAP-road     , bananaf3  ,        8,        32, mutex         ,  1.4163577133702094
725, europe_osm   , bananaf3  ,        8,        32, mutex         ,  2.795400317327007
726, rgg_n_2_22_s0, bananaf3  ,        8,        32, mutex         ,  0.7760026017691872
727, rgg_n_2_22_s0, bananaf3  ,        8,        16, mutex         ,  0.7973267379681632
728, GAP-road     , bananaf3  ,        8,        16, mutex         ,  1.4457296718575932
729, europe_osm   , bananaf3  ,        8,        16, mutex         ,  2.9341512192623056
730, europe_osm   , bananaf3  ,        8,      4096, mutex         , 10.833717092890259
731, rgg_n_2_22_s0, bananaf3  ,        8,      4096, mutex         ,  4.067476527477979
732, GAP-road     , bananaf3  ,        8,      4096, mutex         ,  7.319031363120579
733, rgg_n_2_22_s0, arriesgado,        4,       256, mutex         ,  1.4536433737383718
734, GAP-road     , arriesgado,        4,       256, mutex         ,  2.724580518585298
735, europe_osm   , arriesgado,        4,       256, mutex         ,  5.583976207008934
736, europe_osm   , arriesgado,        4,      1024, mutex         ,  6.948419176971096
737, GAP-road     , arriesgado,        4,      1024, mutex         ,  3.589204241096872
738, rgg_n_2_22_s0, arriesgado,        4,      1024, mutex         ,  1.9374046301991228
739, europe_osm   , arriesgado,        4,        64, mutex         ,  5.143356189812459
740, rgg_n_2_22_s0, arriesgado,        4,        64, mutex         ,  1.3422694490334568
741, GAP-road     , arriesgado,        4,        64, mutex         ,  2.5301412626473545
742, GAP-road     , arriesgado,        4,        32, mutex         ,  2.5328106240679142
743, europe_osm   , arriesgado,        4,        32, mutex         ,  5.1615128353941815
744, rgg_n_2_22_s0, arriesgado,        4,        32, mutex         ,  1.3346474109153155
745, GAP-road     , arriesgado,        4,        16, mutex         ,  2.5987141931846844
746, rgg_n_2_22_s0, arriesgado,        4,        16, mutex         ,  1.346261710287624
747, europe_osm   , arriesgado,        4,        16, mutex         ,  5.301387771158573
748, GAP-road     , arriesgado,        4,      4096, mutex         ,  6.42163566341436
749, europe_osm   , arriesgado,        4,      4096, mutex         , 10.23037107396416
750, rgg_n_2_22_s0, arriesgado,        4,      4096, mutex         ,  3.9127723716458975
751, europe_osm   , pioneer   ,        2,       256, mutex         ,  5.453626093185045
752, GAP-road     , pioneer   ,        2,       256, mutex         ,  2.4094070087291883
753, rgg_n_2_22_s0, pioneer   ,        2,       256, mutex         ,  1.3758754490968512
754, europe_osm   , pioneer   ,        2,      1024, mutex         ,  6.062724334039918
755, GAP-road     , pioneer   ,        2,      1024, mutex         ,  2.748254735472251
756, rgg_n_2_22_s0, pioneer   ,        2,      1024, mutex         ,  1.4830896260665167
757, europe_osm   , pioneer   ,        2,        64, mutex         ,  5.427054288014485
758, rgg_n_2_22_s0, pioneer   ,        2,        64, mutex         ,  1.3605141388767898
759, GAP-road     , pioneer   ,        2,        64, mutex         ,  2.4367113416732193
760, europe_osm   , pioneer   ,        2,        32, mutex         ,  5.7011362072555185
761, rgg_n_2_22_s0, pioneer   ,        2,        32, mutex         ,  1.381637688280148
762, GAP-road     , pioneer   ,        2,        32, mutex         ,  2.466968730243636
763, GAP-road     , pioneer   ,        2,        16, mutex         ,  2.576660334440858
764, rgg_n_2_22_s0, pioneer   ,        2,        16, mutex         ,  1.3888859948002281
765, europe_osm   , pioneer   ,        2,        16, mutex         ,  5.9593877547100265
766, europe_osm   , pioneer   ,        2,      4096, mutex         ,  7.827930914728897
767, rgg_n_2_22_s0, pioneer   ,        2,      4096, mutex         ,  2.122702941350786
768, GAP-road     , pioneer   ,        2,      4096, mutex         ,  4.017240843385742
769, europe_osm   , pioneer   ,       64,       256, mutex         ,  1.409748082217327
770, rgg_n_2_22_s0, pioneer   ,       64,       256, mutex         ,  0.4169155322593527
771, GAP-road     , pioneer   ,       64,       256, mutex         ,  0.783035824557716
772, rgg_n_2_22_s0, pioneer   ,       64,      1024, mutex         ,  0.9845230032875353
773, GAP-road     , pioneer   ,       64,      1024, mutex         ,  1.744234222776139
774, europe_osm   , pioneer   ,       64,      1024, mutex         ,  4.155650435160948
775, europe_osm   , pioneer   ,       64,        64, mutex         ,  0.8527080815794215
776, GAP-road     , pioneer   ,       64,        64, mutex         ,  0.3749211673374113
777, rgg_n_2_22_s0, pioneer   ,       64,        64, mutex         ,  0.30105370113651725
778, GAP-road     , pioneer   ,       64,        32, mutex         ,  0.6052960929645823
779, europe_osm   , pioneer   ,       64,        32, mutex         ,  1.0588808006517787
780, rgg_n_2_22_s0, pioneer   ,       64,        32, mutex         ,  0.30395487800007615
781, GAP-road     , pioneer   ,       64,        16, mutex         ,  1.0170951767212548
782, rgg_n_2_22_s0, pioneer   ,       64,        16, mutex         ,  0.35012242457771664
783, europe_osm   , pioneer   ,       64,        16, mutex         ,  2.5486897180159045
784, rgg_n_2_22_s0, pioneer   ,       64,      4096, mutex         ,  2.2861979395007337
785, GAP-road     , pioneer   ,       64,      4096, mutex         ,  4.942873663099215
786, europe_osm   , pioneer   ,       64,      4096, mutex         ,  9.978133120378718
787, rgg_n_2_22_s0, arriesgado,        2,       256, mutex         ,  2.637679107223165
788, GAP-road     , arriesgado,        2,       256, mutex         ,  4.994570729988197
789, europe_osm   , arriesgado,        2,       256, mutex         , 10.123012403307166
790, europe_osm   , arriesgado,        2,      1024, mutex         , 11.102044687398742
791, rgg_n_2_22_s0, arriesgado,        2,      1024, mutex         ,  2.9210868715013074
792, GAP-road     , arriesgado,        2,      1024, mutex         ,  5.480002887096281
793, rgg_n_2_22_s0, arriesgado,        2,        64, mutex         ,  2.571143129395615
794, GAP-road     , arriesgado,        2,        64, mutex         ,  4.914910656435589
795, europe_osm   , arriesgado,        2,        64, mutex         , 10.050315011704367
796, rgg_n_2_22_s0, arriesgado,        2,        32, mutex         ,  2.5864598467204605
797, GAP-road     , arriesgado,        2,        32, mutex         ,  4.9717278405624095
798, europe_osm   , arriesgado,        2,        32, mutex         , 10.15951003308876
799, rgg_n_2_22_s0, arriesgado,        2,        16, mutex         ,  2.607421671765049
800, europe_osm   , arriesgado,        2,        16, mutex         , 10.373727367266076
801, GAP-road     , arriesgado,        2,        16, mutex         ,  5.060886492674611
802, rgg_n_2_22_s0, arriesgado,        2,      4096, mutex         ,  4.368039901079395
803, GAP-road     , arriesgado,        2,      4096, mutex         ,  7.516060204900526
804, rgg_n_2_22_s0, pioneer   ,        4,       256, mutex         ,  0.9981685094674537
805, europe_osm   , pioneer   ,        4,       256, mutex         ,  3.363740006540012
806, GAP-road     , pioneer   ,        4,       256, mutex         ,  1.5280779510045013
807, europe_osm   , pioneer   ,        4,      1024, mutex         ,  4.287116153607888
808, rgg_n_2_22_s0, pioneer   ,        4,      1024, mutex         ,  1.1994366109534902
809, GAP-road     , pioneer   ,        4,      1024, mutex         ,  1.9123462803172941
810, rgg_n_2_22_s0, pioneer   ,        4,        64, mutex         ,  0.9848104820851501
811, GAP-road     , pioneer   ,        4,        64, mutex         ,  1.4630099262440004
812, europe_osm   , pioneer   ,        4,        64, mutex         ,  3.154121586832649
813, europe_osm   , pioneer   ,        4,        32, mutex         ,  3.4705001622831944
814, rgg_n_2_22_s0, pioneer   ,        4,        32, mutex         ,  0.9658082299291123
815, GAP-road     , pioneer   ,        4,        32, mutex         ,  1.4668102372512068
816, europe_osm   , pioneer   ,        4,        16, mutex         ,  3.2396057813123313
817, rgg_n_2_22_s0, pioneer   ,        4,        16, mutex         ,  0.9454754848251152
818, GAP-road     , pioneer   ,        4,        16, mutex         ,  1.523814766985438
819, rgg_n_2_22_s0, pioneer   ,        4,      4096, mutex         ,  2.003090762482452
820, europe_osm   , pioneer   ,        4,      4096, mutex         ,  7.198991709421914
821, GAP-road     , pioneer   ,        4,      4096, mutex         ,  3.42044890776187
822, europe_osm   , pioneer   ,        8,       256, mutex         ,  1.8222183292039795
823, GAP-road     , pioneer   ,        8,       256, mutex         ,  0.8363842133604583
824, rgg_n_2_22_s0, pioneer   ,        8,       256, mutex         ,  0.6074418089012447
825, europe_osm   , pioneer   ,        8,      1024, mutex         ,  2.6916996799354123
826, GAP-road     , pioneer   ,        8,      1024, mutex         ,  1.3846483126647964
827, rgg_n_2_22_s0, pioneer   ,        8,      1024, mutex         ,  0.9383439421301221
828, rgg_n_2_22_s0, pioneer   ,        8,        64, mutex         ,  0.48975919680314234
829, GAP-road     , pioneer   ,        8,        64, mutex         ,  0.7317598349290979
830, europe_osm   , pioneer   ,        8,        64, mutex         ,  1.640341180497262
831, europe_osm   , pioneer   ,        8,        32, mutex         ,  1.6581815919286051
832, rgg_n_2_22_s0, pioneer   ,        8,        32, mutex         ,  0.5589687304025781
833, GAP-road     , pioneer   ,        8,        32, mutex         ,  0.7782031843438859
834, rgg_n_2_22_s0, pioneer   ,        8,        16, mutex         ,  0.5707581830306449
835, europe_osm   , pioneer   ,        8,        16, mutex         ,  1.7895906865002387
836, GAP-road     , pioneer   ,        8,        16, mutex         ,  0.7771794177246004
837, GAP-road     , pioneer   ,        8,      4096, mutex         ,  3.2290855700428818
838, rgg_n_2_22_s0, pioneer   ,        8,      4096, mutex         ,  1.914473302896297
839, europe_osm   , pioneer   ,        8,      4096, mutex         ,  5.906131232205962
840, rgg_n_2_22_s0, pioneer   ,       16,       256, mutex         ,  0.4164886423232618
841, GAP-road     , pioneer   ,       16,       256, mutex         ,  0.5387487754654419
842, europe_osm   , pioneer   ,       16,       256, mutex         ,  1.2914371718931912
843, rgg_n_2_22_s0, pioneer   ,       16,      1024, mutex         ,  0.9016558512321133
844, europe_osm   , pioneer   ,       16,      1024, mutex         ,  2.4443441108233626
845, GAP-road     , pioneer   ,       16,      1024, mutex         ,  1.357162941974612
846, europe_osm   , pioneer   ,       16,        64, mutex         ,  1.0730152271780424
847, rgg_n_2_22_s0, pioneer   ,       16,        64, mutex         ,  0.3963749984112014
848, GAP-road     , pioneer   ,       16,        64, mutex         ,  0.43342648934234085
849, rgg_n_2_22_s0, pioneer   ,       16,        32, mutex         ,  0.39316842104484573
850, GAP-road     , pioneer   ,       16,        32, mutex         ,  0.46497744817110165
851, europe_osm   , pioneer   ,       16,        32, mutex         ,  1.0600524770547854
852, europe_osm   , pioneer   ,       16,        16, mutex         ,  1.380051250256704
853, rgg_n_2_22_s0, pioneer   ,       16,        16, mutex         ,  0.41462289502172944
854, GAP-road     , pioneer   ,       16,        16, mutex         ,  0.5105414348798979
855, GAP-road     , pioneer   ,       16,      4096, mutex         ,  3.336510264749022
856, europe_osm   , pioneer   ,       16,      4096, mutex         ,  6.1239296533906264
857, rgg_n_2_22_s0, pioneer   ,       16,      4096, mutex         ,  2.006016497170163
858, GAP-road     , bananaf3  ,        1,       256, mutex         ,  9.24083019940606
859, europe_osm   , bananaf3  ,        1,       256, mutex         , 19.262371748329574
860, rgg_n_2_22_s0, bananaf3  ,        1,       256, mutex         ,  4.703137807300342
861, europe_osm   , bananaf3  ,        1,      1024, mutex         , 19.01567890145956
862, rgg_n_2_22_s0, bananaf3  ,        1,      1024, mutex         ,  4.7092071006845515
863, GAP-road     , bananaf3  ,        1,      1024, mutex         ,  9.210192824230417
864, europe_osm   , bananaf3  ,        1,        64, mutex         , 19.271109427432666
865, GAP-road     , bananaf3  ,        1,        64, mutex         ,  9.346178124015998
866, rgg_n_2_22_s0, bananaf3  ,        1,        64, mutex         ,  4.7106323758117465
867, europe_osm   , bananaf3  ,        1,        32, mutex         , 19.729606256577974
868, rgg_n_2_22_s0, bananaf3  ,        1,        32, mutex         ,  4.736844938581857
869, GAP-road     , bananaf3  ,        1,        32, mutex         ,  9.466463157418877
870, rgg_n_2_22_s0, bananaf3  ,        1,        16, mutex         ,  4.806222418185839
871, GAP-road     , bananaf3  ,        1,        16, mutex         ,  9.708862145635047
872, europe_osm   , bananaf3  ,        1,        16, mutex         , 20.203453639350748
873, GAP-road     , bananaf3  ,        1,      4096, mutex         ,  9.243883405665985
874, europe_osm   , bananaf3  ,        1,      4096, mutex         , 19.202880553626695
875, rgg_n_2_22_s0, bananaf3  ,        1,      4096, mutex         ,  4.694336364988452
876, europe_osm   , bananaf3  ,        2,       256, mutex         , 10.238092022152786
877, rgg_n_2_22_s0, bananaf3  ,        2,       256, mutex         ,  2.510582946192607
878, GAP-road     , bananaf3  ,        2,       256, mutex         ,  4.94486127467916
879, europe_osm   , bananaf3  ,        2,      1024, mutex         , 11.428168477364611
880, GAP-road     , bananaf3  ,        2,      1024, mutex         ,  5.577125714664437
881, rgg_n_2_22_s0, bananaf3  ,        2,      1024, mutex         ,  2.873185660795919
882, rgg_n_2_22_s0, bananaf3  ,        2,        64, mutex         ,  2.4370420829858435
883, europe_osm   , bananaf3  ,        2,        64, mutex         , 10.080842723497222
884, GAP-road     , bananaf3  ,        2,        64, mutex         ,  4.785245299084979
885, europe_osm   , bananaf3  ,        2,        32, mutex         , 10.207536777559135
886, rgg_n_2_22_s0, bananaf3  ,        2,        32, mutex         ,  2.460028589145389
887, GAP-road     , bananaf3  ,        2,        32, mutex         ,  4.82664778625558
888, rgg_n_2_22_s0, bananaf3  ,        2,        16, mutex         ,  2.510692618319567
889, GAP-road     , bananaf3  ,        2,        16, mutex         ,  4.965541310242295
890, europe_osm   , bananaf3  ,        2,        16, mutex         , 10.554328032322346
891, europe_osm   , bananaf3  ,        2,      4096, mutex         , 14.093650762608483
892, rgg_n_2_22_s0, bananaf3  ,        2,      4096, mutex         ,  4.4655737262736706
893, GAP-road     , bananaf3  ,        2,      4096, mutex         ,  7.766920470464224
